category,title,price(£)
Travel,It's Only the Himalayas,45.17
Travel,Full Moon over Noahâs Ark: An Odyssey to Mount Ararat and Beyond,49.43
Travel,See America: A Celebration of Our National Parks & Treasured Sites,48.87
Travel,Vagabonding: An Uncommon Guide to the Art of Long-Term World Travel,36.94
Travel,Under the Tuscan Sun,37.33
Travel,A Summer In Europe,44.34
Travel,The Great Railway Bazaar,30.54
Travel,A Year in Provence (Provence #1),56.88
Travel,The Road to Little Dribbling: Adventures of an American in Britain (Notes From a Small Island #2),23.21
Travel,Neither Here nor There: Travels in Europe,38.95
Travel,"1,000 Places to See Before You Die",26.08
Mystery,Sharp Objects,47.82
Mystery,"In a Dark, Dark Wood",19.63
Mystery,The Past Never Ends,56.5
Mystery,A Murder in Time,16.64
Mystery,The Murder of Roger Ackroyd (Hercule Poirot #4),44.1
Mystery,The Last Mile (Amos Decker #2),54.21
Mystery,That Darkness (Gardiner and Renner #1),13.92
Mystery,Tastes Like Fear (DI Marnie Rome #3),10.69
Mystery,A Time of Torment (Charlie Parker #14),48.35
Mystery,A Study in Scarlet (Sherlock Holmes #1),16.73
Mystery,Poisonous (Max Revere Novels #3),26.8
Mystery,Murder at the 42nd Street Library (Raymond Ambler #1),54.36
Mystery,Most Wanted,35.28
Mystery,Hide Away (Eve Duncan #20),11.84
Mystery,Boar Island (Anna Pigeon #19),59.48
Mystery,The Widow,27.26
Mystery,Playing with Fire,13.71
Mystery,What Happened on Beale Street (Secrets of the South Mysteries #2),25.37
Mystery,The Bachelor Girl's Guide to Murder (Herringford and Watts Mysteries #1),52.3
Mystery,Delivering the Truth (Quaker Midwife Mystery #1),20.89
Historical Fiction,Tipping the Velvet,53.74
Historical Fiction,Forever and Forever: The Courtship of Henry Longfellow and Fanny Appleton,29.69
Historical Fiction,A Flight of Arrows (The Pathfinders #2),55.53
Historical Fiction,The House by the Lake,36.95
Historical Fiction,Mrs. Houdini,30.25
Historical Fiction,The Marriage of Opposites,28.08
Historical Fiction,Glory over Everything: Beyond The Kitchen House,45.84
Historical Fiction,"Love, Lies and Spies",20.55
Historical Fiction,A Paris Apartment,39.01
Historical Fiction,Lilac Girls,17.28
Historical Fiction,The Constant Princess (The Tudor Court #1),16.62
Historical Fiction,The Invention of Wings,37.34
Historical Fiction,World Without End (The Pillars of the Earth #2),32.97
Historical Fiction,The Passion of Dolssa,28.32
Historical Fiction,Girl With a Pearl Earring,26.77
Historical Fiction,Voyager (Outlander #3),21.07
Historical Fiction,The Red Tent,35.66
Historical Fiction,The Last Painting of Sara de Vos,55.55
Historical Fiction,The Guernsey Literary and Potato Peel Pie Society,49.53
Historical Fiction,Girl in the Blue Coat,46.83
Sequential Art,Scott Pilgrim's Precious Little Life (Scott Pilgrim #1),52.29
Sequential Art,Tsubasa: WoRLD CHRoNiCLE 2 (Tsubasa WoRLD CHRoNiCLE #2),16.28
Sequential Art,This One Summer,19.49
Sequential Art,The Nameless City (The Nameless City #1),38.16
Sequential Art,"Saga, Volume 5 (Saga (Collected Editions) #5)",51.04
Sequential Art,"Rat Queens, Vol. 3: Demons (Rat Queens (Collected Editions) #11-15)",50.4
Sequential Art,"Princess Jellyfish 2-in-1 Omnibus, Vol. 01 (Princess Jellyfish 2-in-1 Omnibus #1)",13.61
Sequential Art,"Pop Gun War, Volume 1: Gift",18.97
Sequential Art,Patience,10.16
Sequential Art,"Outcast, Vol. 1: A Darkness Surrounds Him (Outcast #1)",15.44
Sequential Art,orange: The Complete Collection 1 (orange: The Complete Collection #1),48.41
Sequential Art,"Lumberjanes, Vol. 2: Friendship to the Max (Lumberjanes #5-8)",46.91
Sequential Art,"Lumberjanes, Vol. 1: Beware the Kitten Holy (Lumberjanes #1-4)",45.61
Sequential Art,Lumberjanes Vol. 3: A Terrible Plan (Lumberjanes #9-12),19.92
Sequential Art,"I Hate Fairyland, Vol. 1: Madly Ever After (I Hate Fairyland (Compilations) #1-5)",29.17
Sequential Art,I am a Hero Omnibus Volume 1,54.63
Sequential Art,"Giant Days, Vol. 2 (Giant Days #5-8)",22.11
Sequential Art,Danganronpa Volume 1,51.99
Sequential Art,"Codename Baboushka, Volume 1: The Conclave of Death",36.72
Sequential Art,Camp Midnight,17.08
Classics,The Secret Garden,15.08
Classics,The Metamorphosis,28.58
Classics,The Pilgrim's Progress,50.26
Classics,The Hound of the Baskervilles (Sherlock Holmes #5),14.82
Classics,Little Women (Little Women #1),28.07
Classics,Gone with the Wind,32.49
Classics,Candide,58.63
Classics,Animal Farm,57.22
Classics,Wuthering Heights,17.73
Classics,The Picture of Dorian Gray,29.7
Classics,The Complete Stories and Poems (The Works of Edgar Allan Poe [Cameo Edition]),26.78
Classics,Beowulf,38.35
Classics,And Then There Were None,35.01
Classics,The Story of Hong Gildong,43.19
Classics,The Little Prince,45.42
Classics,Sense and Sensibility,37.46
Classics,Of Mice and Men,47.11
Classics,Emma,32.93
Classics,Alice in Wonderland (Alice's Adventures in Wonderland #1),55.53
Philosophy,Sophie's World,15.94
Philosophy,The Death of Humanity: and the Case for Life,58.11
Philosophy,The Stranger,17.44
Philosophy,Proofs of God: Classical Arguments from Tertullian to Barth,54.21
Philosophy,Kierkegaard: A Christian Missionary to Christians,47.13
Philosophy,"At The Existentialist CafÃ©: Freedom, Being, and apricot cocktails with: Jean-Paul Sartre, Simone de Beauvoir, Albert Camus, Martin Heidegger, Edmund Husserl, Karl Jaspers, Maurice Merleau-Ponty and others",29.93
Philosophy,Critique of Pure Reason,20.75
Philosophy,"Run, Spot, Run: The Ethics of Keeping Pets",20.02
Philosophy,The Nicomachean Ethics,36.34
Philosophy,Meditations,25.89
Philosophy,Beyond Good and Evil,43.38
Romance,Chase Me (Paris Nights #2),25.27
Romance,Black Dust,34.53
Romance,Her Backup Boyfriend (The Sorensen Family #1),33.97
Romance,First and First (Five Boroughs #3),15.97
Romance,Fifty Shades Darker (Fifty Shades #2),21.96
Romance,The Wedding Dress,24.12
Romance,Suddenly in Love (Lake Haven #1),55.99
Romance,Something More Than This,16.24
Romance,Doing It Over (Most Likely To #1),35.61
Romance,The Wedding Pact (The O'Malleys #2),32.61
Romance,Hold Your Breath (Search and Rescue #1),28.82
Romance,Dirty (Dive Bar #1),40.83
Romance,Take Me Home Tonight (Rock Star Romance #3),53.98
Romance,Off the Hook (Fishing for Trouble #1),47.67
Romance,A Gentleman's Position (Society of Gentlemen #3),14.75
Romance,"Sit, Stay, Love",20.9
Romance,A Girl's Guide to Moving On (New Beginnings #2),31.3
Romance,The Perfect Play (Play by Play #1),59.99
Romance,Dark Lover (Black Dagger Brotherhood #1),12.87
Romance,Changing the Game (Play by Play #2),13.38
Womens Fiction,I Had a Nice Time And Other Lies...: How to find love & sh*t like that,57.36
Womens Fiction,Will You Won't You Want Me?,13.86
Womens Fiction,Keep Me Posted,20.46
Womens Fiction,Grey (Fifty Shades #4),48.49
Womens Fiction,Meternity,43.58
Womens Fiction,Some Women,13.73
Womens Fiction,Shopaholic Ties the Knot (Shopaholic #3),48.39
Womens Fiction,Can You Keep a Secret?,21.94
Womens Fiction,Twenties Girl,42.8
Womens Fiction,The Undomestic Goddess,45.75
Womens Fiction,The Nanny Diaries (Nanny #1),52.53
Womens Fiction,The Devil Wears Prada (The Devil Wears Prada #1),44.29
Womens Fiction,Something Borrowed (Darcy & Rachel #1),48.96
Womens Fiction,Something Blue (Darcy & Rachel #2),54.62
Womens Fiction,I've Got Your Number,19.69
Womens Fiction,The Edge of Reason (Bridget Jones #2),19.18
Womens Fiction,Bridget Jones's Diary (Bridget Jones #1),29.82
Fiction,Soumission,50.1
Fiction,Private Paris (Private #10),47.61
Fiction,"We Love You, Charlie Freeman",50.27
Fiction,Thirst,17.27
Fiction,The Murder That Never Was (Forensic Instincts #5),54.11
Fiction,Tuesday Nights in 1980,21.04
Fiction,The Vacationers,42.15
Fiction,The Regional Office Is Under Attack!,51.36
Fiction,Finders Keepers (Bill Hodges Trilogy #2),53.53
Fiction,The Time Keeper,27.88
Fiction,The Testament of Mary,52.67
Fiction,The First Hostage (J.B. Collins #2),25.85
Fiction,Take Me with You,45.21
Fiction,Still Life with Bread Crumbs,26.41
Fiction,Shtum,55.84
Fiction,My Name Is Lucy Barton,41.56
Fiction,My Mrs. Brown,24.48
Fiction,Mr. Mercedes (Bill Hodges Trilogy #1),28.9
Fiction,I Am Pilgrim (Pilgrim #1),10.6
Fiction,Eligible (The Austen Project #4),27.09
Childrens,Birdsong: A Story in Pictures,54.64
Childrens,The Bear and the Piano,36.89
Childrens,The Secret of Dreadwillow Carse,56.13
Childrens,The White Cat and the Monk: A Retelling of the Poem âPangur BÃ¡nâ,58.08
Childrens,Little Red,13.47
Childrens,Walt Disney's Alice in Wonderland,12.96
Childrens,Twenty Yawns,22.08
Childrens,Rain Fish,23.57
Childrens,Once Was a Time,18.28
Childrens,Luis Paints the World,53.95
Childrens,Nap-a-Roo,25.08
Childrens,The Whale,35.96
Childrens,"Shrunken Treasures: Literary Classics, Short, Sweet, and Silly",52.87
Childrens,Raymie Nightingale,34.41
Childrens,Playing from the Heart,32.38
Childrens,Maybe Something Beautiful: How Art Transformed a Neighborhood,22.54
Childrens,The Wild Robot,56.07
Childrens,The Thing About Jellyfish,48.77
Childrens,The Lonely Ones,43.59
Childrens,The Day the Crayons Came Home (Crayons),26.33
Religion,"Don't Be a Jerk: And Other Practical Advice from Dogen, Japan's Greatest Zen Master",37.97
Religion,You Are What You Love: The Spiritual Power of Habit,21.87
Religion,God: The Most Unpleasant Character in All Fiction,30.03
Religion,The Book of Mormon,24.57
Religion,"A History of God: The 4,000-Year Quest of Judaism, Christianity, and Islam",27.62
Religion,The Bhagavad Gita,57.49
Religion,Choosing Our Religion: The Spiritual Lives of America's Nones,28.42
Nonfiction,Worlds Elsewhere: Journeys Around Shakespeareâs Globe,40.3
Nonfiction,The Five Love Languages: How to Express Heartfelt Commitment to Your Mate,31.05
Nonfiction,Reasons to Stay Alive,26.41
Nonfiction,#HigherSelfie: Wake Up Your Life. Free Your Soul. Find Your Tribe.,23.11
Nonfiction,"Unseen City: The Majesty of Pigeons, the Discreet Charm of Snails & Other Wonders of the Urban Wilderness",44.18
Nonfiction,Throwing Rocks at the Google Bus: How Growth Became the Enemy of Prosperity,31.12
Nonfiction,The Life-Changing Magic of Tidying Up: The Japanese Art of Decluttering and Organizing,16.77
Nonfiction,The Gutsy Girl: Escapades for Your Life of Epic Adventure,37.13
Nonfiction,The Electric Pencil: Drawings from Inside State Hospital No. 3,56.06
Nonfiction,Spark Joy: An Illustrated Master Class on the Art of Organizing and Tidying Up,41.83
Nonfiction,Reskilling America: Learning to Labor in the Twenty-First Century,19.83
Nonfiction,In the Country We Love: My Family Divided,22.0
Nonfiction,Everydata: The Misinformation Hidden in the Little Data You Consume Every Day,54.35
Nonfiction,Call the Nurse: True Stories of a Country Nurse on a Scottish Isle,29.14
Nonfiction,Algorithms to Live By: The Computer Science of Human Decisions,30.81
Nonfiction,The Power of Now: A Guide to Spiritual Enlightenment,43.54
Nonfiction,The Omnivore's Dilemma: A Natural History of Four Meals,38.21
Nonfiction,The Genius of Birds,17.24
Nonfiction,The Artist's Way: A Spiritual Path to Higher Creativity,38.49
Nonfiction,So You've Been Publicly Shamed,12.23
Music,Rip it Up and Start Again,35.02
Music,"Our Band Could Be Your Life: Scenes from the American Indie Underground, 1981-1991",57.25
Music,How Music Works,37.32
Music,Love Is a Mix Tape (Music #1),18.03
Music,Please Kill Me: The Uncensored Oral History of Punk,31.19
Music,Kill 'Em and Leave: Searching for James Brown and the American Soul,45.05
Music,"Chronicles, Vol. 1",52.6
Music,This Is Your Brain on Music: The Science of a Human Obsession,38.4
Music,"Orchestra of Exiles: The Story of Bronislaw Huberman, the Israel Philharmonic, and the One Thousand Jews He Saved from Nazi Horrors",12.36
Music,No One Here Gets Out Alive,20.02
Music,Life,31.58
Music,Old Records Never Die: One Man's Quest for His Vinyl and His Past,55.66
Music,Forever Rockers (The Rocker #12),28.8
Default,"The Coming Woman: A Novel Based on the Life of the Infamous Feminist, Victoria Woodhull",17.93
Default,The Boys in the Boat: Nine Americans and Their Epic Quest for Gold at the 1936 Berlin Olympics,22.6
Default,"Starving Hearts (Triangular Trade Trilogy, #1)",13.99
Default,America's Cradle of Quarterbacks: Western Pennsylvania's Football Factory from Johnny Unitas to Joe Montana,22.5
Default,Aladdin and His Wonderful Lamp,53.13
Default,Penny Maybe,33.29
Default,Maude (1883-1993):She Grew Up with the country,18.02
Default,"The Inefficiency Assassin: Time Management Tactics for Working Smarter, Not Longer",20.59
Default,Soul Reader,39.58
Default,Bossypants,49.46
Default,A World of Flavor: Your Gluten Free Passport,42.95
Default,"A Piece of Sky, a Grain of Rice: A Memoir in Four Meditations",56.76
Default,Tracing Numbers on a Train,41.6
Default,Thirteen Reasons Why,52.72
Default,The Secret (The Secret #1),27.37
Default,The Psychopath Test: A Journey Through the Madness Industry,36.0
Default,The Kite Runner,41.82
Default,The Girl on the Train,55.02
Default,The Emerald Mystery,23.15
Default,The Bridge to Consciousness: I'm Writing the Bridge Between Science and Our Old and New Beliefs.,32.0
Science Fiction,Mesaerion: The Best Science Fiction Stories 1800-1849,37.59
Science Fiction,Join,35.67
Science Fiction,"William Shakespeare's Star Wars: Verily, A New Hope (William Shakespeare's Star Wars #4)",43.3
Science Fiction,The Project,10.65
Science Fiction,Soft Apocalypse,26.12
Science Fiction,Sleeping Giants (Themis Files #1),48.74
Science Fiction,Arena,21.36
Science Fiction,Foundation (Foundation (Publication Order) #1),32.42
Science Fiction,The Restaurant at the End of the Universe (Hitchhiker's Guide to the Galaxy #2),10.92
Science Fiction,Ready Player One,19.07
Science Fiction,"Life, the Universe and Everything (Hitchhiker's Guide to the Galaxy #3)",33.26
Science Fiction,Dune (Dune #1),54.86
Science Fiction,Do Androids Dream of Electric Sheep? (Blade Runner #1),51.48
Science Fiction,Three Wishes (River of Time: California #1),44.18
Science Fiction,The Last Girl (The Dominion Trilogy #1),36.26
Science Fiction,Having the Barbarian's Baby (Ice Planet Barbarians #7.5),34.96
Sports and Games,The Book of Basketball: The NBA According to The Sports Guy,44.84
Sports and Games,"Friday Night Lights: A Town, a Team, and a Dream",51.22
Sports and Games,Sugar Rush (Offensive Line #2),24.42
Sports and Games,Settling the Score (The Summer Games #1),44.91
Sports and Games,Icing (Aces Hockey #2),40.44
Add a comment,The Torch Is Passed: A Harding Family Story,19.09
Add a comment,"The Mindfulness and Acceptance Workbook for Anxiety: A Guide to Breaking Free from Anxiety, Phobias, and Worry Using Acceptance and Commitment Therapy",23.89
Add a comment,The Art Forger,40.76
Add a comment,On a Midnight Clear,14.07
Add a comment,Judo: Seven Steps to Black Belt (an Introductory Guide for Beginners),53.9
Add a comment,"Shobu Samurai, Project Aryoku (#3)",29.06
Add a comment,Modern Romance,28.26
Add a comment,The White Queen (The Cousins' War #1),25.91
Add a comment,The Song of Achilles,37.4
Add a comment,The Immortal Life of Henrietta Lacks,40.67
Add a comment,The Dovekeepers,48.78
Add a comment,More Than Music (Chasing the Dream #1),37.61
Add a comment,Code Name Verity (Code Name Verity #1),22.13
Add a comment,Cell,20.29
Add a comment,Angels Walking (Angels Walking #1),34.2
Add a comment,"A Series of Catastrophes and Miracles: A True Story of Love, Science, and Cancer",56.48
Add a comment,A People's History of the United States,40.79
Add a comment,A Brush of Wings (Angels Walking #3),55.51
Add a comment,Rook,37.86
Add a comment,The Midnight Watch: A Novel of the Titanic and the Californian,26.2
Fantasy,Unicorn Tracks,18.78
Fantasy,"Saga, Volume 6 (Saga (Collected Editions) #6)",25.02
Fantasy,Princess Between Worlds (Wide-Awake Princess #5),13.34
Fantasy,Masks and Shadows,56.4
Fantasy,Crown of Midnight (Throne of Glass #2),43.29
Fantasy,"Avatar: The Last Airbender: Smoke and Shadow, Part 3 (Smoke and Shadow #3)",28.09
Fantasy,A Court of Thorns and Roses (A Court of Thorns and Roses #1),52.37
Fantasy,Throne of Glass (Throne of Glass #1),35.07
Fantasy,The Glittering Court (The Glittering Court #1),44.28
Fantasy,Hollow City (Miss Peregrineâs Peculiar Children #2),42.98
Fantasy,The Star-Touched Queen,46.02
Fantasy,The Hidden Oracle (The Trials of Apollo #1),52.26
Fantasy,The Bane Chronicles (The Bane Chronicles #1-11),44.73
Fantasy,Island of Dragons (Unwanteds #7),29.65
Fantasy,Demigods & Magicians: Percy and Annabeth Meet the Kanes (Percy Jackson & Kane Chronicles Crossover #1-3),37.51
Fantasy,City of Glass (The Mortal Instruments #3),56.02
Fantasy,Searching for Meaning in Gailana,38.73
Fantasy,The Star-Touched Queen,32.3
Fantasy,A Shard of Ice (The Black Symphony Saga #1),56.63
Fantasy,King's Folly (The Kinsman Chronicles #1),39.61
New Adult,Without Borders (Wanderlove #1),45.07
New Adult,The Mistake (Off-Campus #2),43.29
New Adult,The Matchmaker's Playbook (Wingmen Inc. #1),55.85
New Adult,The Hook Up (Game On #1),36.29
New Adult,Shameless,58.35
New Adult,Off Sides (Off #1),39.45
Young Adult,The Requiem Red,22.65
Young Adult,Set Me Free,17.46
Young Adult,The Natural History of Us (The Fine Art of Pretending #2),45.22
Young Adult,Obsidian (Lux #1),14.86
Young Adult,Burning,28.81
Young Adult,A Fierce and Subtle Poison,28.13
Young Adult,Scarlett Epstein Hates It Here,43.55
Young Adult,"Nightingale, Sing",38.28
Young Adult,Library of Souls (Miss Peregrineâs Peculiar Children #3),48.56
Young Adult,Frostbite (Vampire Academy #2),29.99
Young Adult,Wild Swans,14.36
Young Adult,Until Friday Night (The Field Party #1),46.31
Young Adult,This Is Where It Ends,27.12
Young Adult,The Darkest Lie,35.35
Young Adult,My Kind of Crazy,40.36
Young Adult,Don't Get Caught,55.35
Young Adult,Catching Jordan (Hundred Oaks),50.83
Young Adult,Aristotle and Dante Discover the Secrets of the Universe (Aristotle and Dante Discover the Secrets of the Universe #1),58.14
Young Adult,The Epidemic (The Program 0.6),14.44
Young Adult,Stars Above (The Lunar Chronicles #4.5),48.05
Science,The Most Perfect Thing: Inside (and Outside) a Bird's Egg,42.96
Science,Immunity: How Elie Metchnikoff Changed the Course of Modern Medicine,57.36
Science,Sorting the Beef from the Bull: The Science of Food Fraud Forensics,44.74
Science,Tipping Point for Planet Earth: How Close Are We to the Edge?,37.55
Science,"The Fabric of the Cosmos: Space, Time, and the Texture of Reality",55.91
Science,Diary of a Citizen Scientist: Chasing Tiger Beetles and Other New Ways of Engaging the World,28.41
Science,The Origin of Species,10.01
Science,The Grand Design,13.76
Science,Peak: Secrets from the New Science of Expertise,16.28
Science,"The Elegant Universe: Superstrings, Hidden Dimensions, and the Quest for the Ultimate Theory",13.03
Science,"The Disappearing Spoon: And Other True Tales of Madness, Love, and the History of the World from the Periodic Table of the Elements",57.35
Science,"Surely You're Joking, Mr. Feynman!: Adventures of a Curious Character",25.83
Science,Seven Brief Lessons on Physics,30.6
Science,The Selfish Gene,29.45
Poetry,A Light in the Attic,51.77
Poetry,The Black Maria,52.15
Poetry,Shakespeare's Sonnets,20.66
Poetry,Olio,23.88
Poetry,You can't bury them all: Poems,33.63
Poetry,Slow States of Collapse: Poems,57.31
Poetry,Untitled Collection: Sabbath Poems 2014,14.27
Poetry,Poems That Make Grown Women Cry,14.19
Poetry,Night Sky with Exit Wounds,41.05
Poetry,salt.,46.78
Poetry,"Quarter Life Poetry: Poems for the Young, Broke and Hangry",50.89
Poetry,Out of Print: City Lights Spotlight No. 14,53.64
Poetry,Les Fleurs du Mal,29.04
Poetry,Howl and Other Poems,40.45
Poetry,Leave This Song Behind: Teen Poetry at Its Best,51.17
Poetry,The Collected Poems of W.B. Yeats (The Collected Works of W.B. Yeats #1),15.42
Poetry,The Crossover,38.77
Poetry,Booked,17.49
Poetry,Twenty Love Poems and a Song of Despair,30.95
Paranormal,"Vampire Knight, Vol. 1 (Vampire Knight #1)",15.4
Art,Wall and Piece,44.18
Art,Feathers: Displays of Brilliant Plumage,49.05
Art,Art and Fear: Observations on the Perils (and Rewards) of Artmaking,48.63
Art,The New Drawing on the Right Side of the Brain,43.02
Art,History of Beauty,10.29
Art,The Story of Art,41.14
Art,The Art Book,32.34
Art,Ways of Seeing,39.51
Psychology,The Lucifer Effect: Understanding How Good People Turn Evil,10.4
Psychology,The Golden Condom: And Other Essays on Love Lost and Found,39.43
Psychology,It Didn't Start with You: How Inherited Family Trauma Shapes Who We Are and How to End the Cycle,56.27
Psychology,An Unquiet Mind: A Memoir of Moods and Madness,21.3
Psychology,"Thinking, Fast and Slow",21.14
Psychology,Civilization and Its Discontents,59.95
Psychology,8 Keys to Mental Health Through Exercise,31.04
Autobiography,The Argonauts,10.93
Autobiography,M Train,27.18
Autobiography,Lab Girl,40.85
Autobiography,Approval Junkie: Adventures in Caring Too Much,58.81
Autobiography,Running with Scissors,12.91
Autobiography,Me Talk Pretty One Day,57.6
Autobiography,Lust & Wonder,11.87
Autobiography,Life Without a Recipe,59.04
Autobiography,A Heartbreaking Work of Staggering Genius,54.29
Parenting,Catastrophic Happiness: Finding Joy in Childhood's Messy Years,37.35
Adult Fiction,Fifty Shades Freed (Fifty Shades #3),15.36
Humor,The Long Haul (Diary of a Wimpy Kid #9),44.07
Humor,Old School (Diary of a Wimpy Kid #10),11.83
Humor,I Know What I'm Doing -- and Other Lies I Tell Myself: Dispatches from a Life Under Construction,25.98
Humor,"Hyperbole and a Half: Unfortunate Situations, Flawed Coping Mechanisms, Mayhem, and Other Things That Happened",14.75
Humor,Dress Your Family in Corduroy and Denim,43.68
Humor,Toddlers Are A**holes: It's Not Your Fault,25.55
Humor,When You Are Engulfed in Flames,30.89
Humor,Naked,31.69
Humor,"Lamb: The Gospel According to Biff, Christ's Childhood Pal",55.5
Humor,Holidays on Ice,51.07
Horror,Security,39.25
Horror,Follow You Home,21.36
Horror,The Loney,23.4
Horror,Pet Sematary,10.56
Horror,Doctor Sleep (The Shining #2),40.12
Horror,Psycho: Sanitarium (Psycho #1.5),36.97
Horror,Can You Keep a Secret? (Fear Street Relaunch #4),48.64
Horror,Red Dragon (Hannibal Lecter #1),23.37
Horror,Dracula the Un-Dead,35.63
Horror,Night Shift (Night Shift #1-20),12.75
Horror,Needful Things,47.51
Horror,Misery,34.79
Horror,It,25.01
Horror,'Salem's Lot,49.56
Horror,The Stand,57.86
Horror,The Girl with All the Gifts,49.47
Horror,House of Leaves,54.89
History,Sapiens: A Brief History of Humankind,54.23
History,"Unbound: How Eight Technologies Made Us Human, Transformed Society, and Brought Our World to the Brink",25.52
History,The Age of Genius: The Seventeenth Century and the Birth of the Modern Mind,19.73
History,"Political Suicide: Missteps, Peccadilloes, Bad Calls, Backroom Hijinx, Sordid Pasts, Rotten Breaks, and Just Plain Dumb Mistakes in the Annals of American Politics",36.28
History,Thomas Jefferson and the Tripoli Pirates: The Forgotten War That Changed American History,59.64
History,Zealot: The Life and Times of Jesus of Nazareth,24.7
History,A Distant Mirror: The Calamitous 14th Century,14.58
History,1491: New Revelations of the Americas Before Columbus,21.8
History,Brilliant Beacons: A History of the American Lighthouse,11.45
History,"""Most Blessed of the Patriarchs"": Thomas Jefferson and the Empire of the Imagination",44.48
History,A Short History of Nearly Everything,52.4
History,The Rise and Fall of the Third Reich: A History of Nazi Germany,39.67
History,Catherine the Great: Portrait of a Woman,58.55
History,The Mathews Men: Seven Brothers and the War Against Hitler's U-boats,42.91
History,The Hiding Place,55.91
History,America's War for the Greater Middle East: A Military History,51.22
History,The Guns of August,14.54
History,"House of Lost Worlds: Dinosaurs, Dynasties, and the Story of Life on Earth",43.7
Food and Drink,"Foolproof Preserving: A Guide to Small Batch Jams, Jellies, Pickles, Condiments, and More: A Foolproof Guide to Making Small Batch Jams, Jellies, Pickles, Condiments, and More",30.52
Food and Drink,"The Pioneer Woman Cooks: Dinnertime: Comfort Classics, Freezer Food, 16-Minute Meals, and Other Delicious Ways to Solve Supper!",56.41
Food and Drink,My Paris Kitchen: Recipes and Stories,33.37
Food and Drink,"Mama Tried: Traditional Italian Cooking for the Screwed, Crude, Vegan, and Tattooed",14.02
Food and Drink,"Layered: Baking, Building, and Styling Spectacular Cakes",40.11
Food and Drink,The Nerdy Nummies Cookbook: Sweet Treats for the Geek in All of Us,37.34
Food and Drink,The Love and Lemons Cookbook: An Apple-to-Zucchini Celebration of Impromptu Cooking,37.6
Food and Drink,The Cookies & Cups Cookbook: 125+ sweet & savory recipes reminding you to Always Eat Dessert First,41.25
Food and Drink,"Deliciously Ella Every Day: Quick and Easy Recipes for Gluten-Free Snacks, Packed Lunches, and Simple Meals",42.16
Food and Drink,The Help Yourself Cookbook for Kids: 60 Easy Plant-Based Recipes Kids Can Make to Stay Healthy and Save the Earth,28.77
Food and Drink,"It's All Easy: Healthy, Delicious Weeknight Meals in under 30 Minutes",19.55
Food and Drink,Barefoot Contessa Back to Basics,28.01
Food and Drink,Barefoot Contessa at Home: Everyday Recipes You'll Make Over and Over Again,50.62
Food and Drink,My Kitchen Year: 136 Recipes That Saved My Life,11.53
Food and Drink,Everyday Italian: 125 Simple and Delicious Recipes,20.1
Food and Drink,"A la Mode: 120 Recipes in 60 Pairings: Pies, Tarts, Cakes, Crisps, and More Topped with Ice Cream, Gelato, Frozen Custard, and More",38.77
Food and Drink,Cravings: Recipes for What You Want to Eat,20.5
Food and Drink,"The Moosewood Cookbook: Recipes from Moosewood Restaurant, Ithaca, New York",12.34
Food and Drink,32 Yolks,53.63
Food and Drink,"Naturally Lean: 125 Nourishing Gluten-Free, Plant-Based Recipes--All Under 300 Calories",11.38
Christian Fiction,Redeeming Love,20.47
Christian Fiction,Close to You,49.46
Christian Fiction,Shadows of the Past (Logan Point #1),39.67
Christian Fiction,Like Never Before (Walker Family #2),28.77
Christian Fiction,Counted With the Stars (Out from Egypt #1),17.97
Christian Fiction,If I Run (If I Run #1),49.97
Business,The Dirty Little Secrets of Getting Your Dream Job,33.34
Business,The Third Wave: An Entrepreneurâs Vision of the Future,12.61
Business,The 10% Entrepreneur: Live Your Startup Dream Without Quitting Your Day Job,27.55
Business,Shoe Dog: A Memoir by the Creator of NIKE,23.99
Business,Made to Stick: Why Some Ideas Survive and Others Die,38.85
Business,Quench Your Own Thirst: Business Lessons Learned Over a Beer or Two,43.14
Business,The Art of Startup Fundraising,21.0
Business,Born for This: How to Find the Work You Were Meant to Do,21.59
Business,The E-Myth Revisited: Why Most Small Businesses Don't Work and What to Do About It,36.91
Business,"Rich Dad, Poor Dad",51.74
Business,The Lean Startup: How Today's Entrepreneurs Use Continuous Innovation to Create Radically Successful Businesses,33.92
Business,Rework,44.88
Biography,Louisa: The Extraordinary Life of Mrs. Adams,16.85
Biography,"Setting the World on Fire: The Brief, Astonishing Life of St. Catherine of Siena",21.15
Biography,The Faith of Christopher Hitchens: The Restless Soul of the World's Most Notorious Atheist,39.55
Biography,Benjamin Franklin: An American Life,48.19
Biography,The Rise of Theodore Roosevelt (Theodore Roosevelt #1),42.57
Thriller,In Her Wake,12.84
Thriller,The Elephant Tree,23.82
Thriller,Behind Closed Doors,52.22
Thriller,You (You #1),43.61
Thriller,The Guilty (Will Robie #4),13.82
Thriller,The 14th Colony (Cotton Malone #11),39.24
Thriller,Give It Back,18.32
Thriller,Killing Floor (Jack Reacher #1),31.49
Thriller,The Bone Hunters (Lexy Vaughan & Steven Macaulay #2),59.71
Thriller,Far From True (Promise Falls Trilogy #2),34.93
Thriller,The Travelers,15.77
Contemporary,When We Collided,31.77
Contemporary,Someone Like You (The Harrisons #2),52.79
Contemporary,We Are All Completely Beside Ourselves,24.04
Spirituality,The Four Agreements: A Practical Guide to Personal Freedom,17.66
Spirituality,The Activist's Tao Te Ching: Ancient Advice for a Modern Revolution,32.24
Spirituality,Chasing Heaven: What Dying Taught Me About Living,37.8
Spirituality,If I Gave You God's Phone Number....: Searching for Spirituality in America,20.91
Spirituality,Unreasonable Hope: Finding Faith in the God Who Brings Purpose to Your Pain,46.33
Spirituality,A New Earth: Awakening to Your Life's Purpose,55.65
Academic,Logan Kade (Fallen Crest High #5.5),13.12
Self Help,Online Marketing for Busy Authors: A Step-By-Step Guide,46.35
Self Help,How to Be Miserable: 40 Strategies You Already Use,46.03
Self Help,"Overload: How to Unplug, Unwind, and Unleash Yourself from the Pressure of Stress",52.15
Self Help,You Are a Badass: How to Stop Doubting Your Greatness and Start Living an Awesome Life,12.08
Self Help,How to Stop Worrying and Start Living,46.49
Historical,All the Light We Cannot See,29.87
Historical,The Girl You Left Behind (The Girl You Left Behind #1),15.79
Christian,(Un)Qualified: How God Uses Broken People to Do Big Things,54.0
Christian,Crazy Love: Overwhelmed by a Relentless God,47.72
Christian,Blue Like Jazz: Nonreligious Thoughts on Christian Spirituality,25.77
Suspense,Silence in the Dark (Logan Point #4),58.33
Short Stories,The Grownup,35.88
Novels,Suzie Snowflake: One beautiful flake (a self-esteem story),54.81
Health,"The Bulletproof Diet: Lose up to a Pound a Day, Reclaim Energy and Focus, Upgrade Your Life",49.05
Health,"Eat Fat, Get Thin",54.07
Health,10-Day Green Smoothie Cleanse: Lose Up to 15 Pounds in 10 Days!,49.71
Health,The Art and Science of Low Carbohydrate Living,52.98
Politics,Libertarianism for Beginners,51.33
Politics,Why the Right Went Wrong: Conservatism--From Goldwater to the Tea Party and Beyond,52.65
Politics,Equal Is Unfair: America's Misguided Fight Against Income Inequality,56.86
Cultural,Amid the Chaos,36.58
Erotica,Dark Notes,19.19
Crime,The Long Shadow of Small Ghosts: Murder and Memory in an American City,10.97
